s_no,name,price,change_24h,market_cap,timestamp
1,Bitcoin BTC,"$79,147.89",0.9%,"$1,589,448,340,293",2026-09-07 23:19:43
2,Ethereum ETH,"$2,492.41",0.0%,"$304,134,019,323",2026-09-07 23:19:43
3,Tether USDT,$0.9999,0.0%,"$183,390,141,674",2026-09-07 23:19:44
4,BNB BNB,$740.56,0.9%,"$98,615,418,670",2026-09-07 23:19:44
5,XRP XRP,$1.40,1.1%,"$87,734,437,219",2026-09-07 23:19:44
6,USDC USDC,$0.9999,0.0%,"$74,431,837,246",2026-09-07 23:19:44
7,Solana SOL,$104.05,1.9%,"$60,988,037,531",2026-09-07 23:19:45
8,TRON TRX,$0.3339,0.4%,"$31,706,715,679",2026-09-07 23:19:45
9,Zcash ZEC,"$1,168.41",0.7%,"$19,778,033,471",2026-09-07 23:19:45
10,Hyperliquid HYPE,$85.26,3.5%,"$18,964,331,580",2026-09-07 23:19:45
1,Bitcoin BTC,"$79,170.61",0.9%,"$1,589,760,820,975",2026-09-07 23:28:23
2,Ethereum ETH,"$2,495.60",0.0%,"$304,467,468,943",2026-09-07 23:28:23
3,Tether USDT,$0.9999,0.0%,"$183,390,774,481",2026-09-07 23:28:23
4,BNB BNB,$740.90,0.9%,"$98,663,714,725",2026-09-07 23:28:23
5,XRP XRP,$1.40,1.1%,"$87,753,430,438",2026-09-07 23:28:24
6,USDC USDC,$0.9999,0.0%,"$74,426,074,331",2026-09-07 23:28:24
7,Solana SOL,$104.10,1.9%,"$61,021,870,015",2026-09-07 23:28:24
8,TRON TRX,$0.3339,0.4%,"$31,696,381,662",2026-09-07 23:28:25
9,Zcash ZEC,"$1,170.33",0.7%,"$19,797,254,927",2026-09-07 23:28:25
10,Hyperliquid HYPE,$85.23,3.5%,"$18,970,609,988",2026-09-07 23:28:25
1,Bitcoin BTC,"$77,684.71",0.1%,"$1,560,125,511,429",2026-09-11 18:57:40
2,Ethereum ETH,"$2,506.88",1.8%,"$305,935,492,370",2026-09-11 18:57:41
3,Tether USDT,$0.9996,0.0%,"$183,389,557,643",2026-09-11 18:57:41
4,BNB BNB,$720.87,0.9%,"$95,991,544,747",2026-09-11 18:57:41
5,XRP XRP,$1.36,0.9%,"$85,628,071,806",2026-09-11 18:57:41
6,USDC USDC,$0.9998,0.0%,"$74,180,090,683",2026-09-11 18:57:42
7,Solana SOL,$101.34,0.4%,"$59,439,992,570",2026-09-11 18:57:42
8,TRON TRX,$0.3361,1.2%,"$31,912,142,968",2026-09-11 18:57:42
9,Figure Heloc FIGR_HELOC,$1.03,0.8%,"$23,223,868,031",2026-09-11 18:57:43
10,Zcash ZEC,"$1,158.97",5.8%,"$19,616,404,230",2026-09-11 18:57:43
